StudentID,CGPA,AptitudeScore,Placed
522,3.43,85,1
738,3.43,71,1
741,3.49,79,1
661,2.85,91,1
412,2.35,57,0
679,3.3,88,1
627,3.69,76,1
514,3.39,65,1
860,3.66,82,1
137,2.49,63,0
812,3.85,81,1
77,2.83,57,0
637,3.96,72,1
974,3.6,82,1
939,3.75,89,1
900,3.4,78,1
281,2.85,57,0
884,3.42,75,1
762,3.62,86,1
320,2.75,66,0
550,4.01,90,1
175,2.91,41,0
372,3.0,47,0
528,3.64,92,1
211,3.03,57,0
236,3.05,60,0
102,2.63,46,0
987,3.17,86,1
903,3.96,89,1
948,3.78,80,1
347,2.22,58,0
140,2.31,42,0
622,3.96,68,1
500,2.25,61,0
371,2.81,53,0
199,2.82,64,0
688,3.53,82,1
585,3.71,83,1
902,3.76,77,1
60,3.19,51,0
329,3.05,51,0
97,2.92,52,0
313,3.13,69,0
975,3.36,80,1
300,3.05,55,0
278,2.56,53,0
925,3.29,97,1
602,2.73,91,1
440,2.78,49,0
838,3.51,81,1
571,3.59,86,1
880,4.15,74,1
262,2.78,56,0
579,4.05,74,1
24,2.23,61,0
31,2.56,61,0
618,3.58,74,1
11,2.61,58,0
222,2.05,38,0
821,3.62,79,1
297,3.16,55,0
55,3.21,58,0
543,3.92,93,1
210,4.34,72,0
605,3.93,76,1
693,3.42,87,1
663,3.18,63,1
867,3.59,88,1
71,2.94,55,0
544,3.59,76,1
108,2.87,43,0
494,2.46,48,0
591,3.58,71,1
742,3.54,79,1
293,2.56,58,0
290,2.55,38,0
653,3.41,82,1
40,2.88,49,0
590,3.54,81,1
308,2.56,50,0
680,3.27,77,1
67,2.77,35,0
276,2.98,39,0
68,3.2,45,0
319,2.93,56,0
549,4.04,86,1
999,3.91,79,1
715,3.51,76,1
754,3.71,65,1
328,3.12,50,0
383,1.95,50,0
452,3.18,59,0
523,3.59,78,1
219,2.61,51,0
788,3.75,74,1
437,3.45,45,0
765,3.65,78,1
89,2.59,63,0
64,2.32,52,0
827,3.32,71,1
717,3.4,83,1
352,3.39,49,0
937,3.53,82,1
257,3.31,60,0
636,3.89,77,1
645,3.55,72,1
555,3.43,78,1
960,3.8,82,1
169,2.7,28,0
918,3.68,75,1
529,3.78,76,1
824,3.75,75,1
986,3.88,84,1
817,3.28,63,1
87,3.17,50,0
433,2.69,41,0
185,2.71,43,0
979,3.33,74,1
535,3.46,76,1
295,2.94,44,0
893,4.2,77,1
426,3.35,40,0
714,3.87,87,1
261,2.43,49,0
238,2.87,65,0
560,3.49,78,1
584,4.22,80,1
446,3.07,44,0
868,3.32,89,1
801,3.4,95,1
600,3.7,74,1
850,3.53,83,1
266,2.3,48,0
996,4.2,89,1
530,3.29,71,1
56,3.17,51,0
121,3.12,47,0
216,3.1,66,0
26,2.84,37,0
73,2.79,58,0
45,2.21,30,0
248,2.54,47,0
722,3.69,78,1
282,3.06,42,0
894,3.64,79,1
915,3.41,66,1
811,3.59,76,1
245,2.32,60,0
823,3.58,78,1
322,3.04,69,0
644,3.64,84,1
159,2.32,57,0
978,3.73,88,1
430,2.1,54,0
942,3.95,77,1
463,2.52,57,0
310,2.72,46,0
698,3.77,75,1
61,2.61,58,0
885,3.82,80,1
596,3.58,72,1
768,3.33,79,1
650,3.35,101,1
651,3.3,85,1
866,3.55,67,1
669,3.78,87,1
299,3.13,55,0
690,3.31,78,1
315,3.32,65,0
311,2.71,53,0
362,3.41,40,0
480,3.25,63,0
111,2.03,62,0
990,3.98,83,1
487,2.54,70,0
364,2.96,73,0
255,2.19,46,0
260,3.11,62,0
803,3.55,74,1
678,3.57,92,1
495,3.41,45,0
671,3.83,78,1
378,2.87,57,0
527,3.61,95,1
846,3.15,72,1
138,2.67,56,0
356,2.4,49,0
366,2.64,51,0
943,3.65,82,1
750,3.13,88,1
949,3.97,89,1
830,3.78,80,1
657,3.39,81,1
200,2.34,53,0
214,3.06,59,0
409,2.85,61,0
333,2.83,45,0
209,3.01,34,0
614,3.75,79,1
79,2.84,40,0
30,2.68,46,0
536,4.07,67,1
696,3.73,96,1
558,3.95,74,1
837,3.42,71,1
597,3.62,85,1
166,2.97,56,0
919,4.06,79,1
496,3.02,52,0
825,3.62,81,1
66,3.34,51,0
142,3.32,72,0
926,3.01,73,1
828,3.56,91,1
656,3.9,78,1
332,2.44,46,0
665,3.91,90,1
250,2.96,41,0
908,4.05,71,1
709,3.18,79,1
306,2.85,52,0
735,3.36,86,1
976,3.79,77,1
50,2.09,49,0
897,3.2,78,1
3,3.06,41,0
545,3.55,75,1
351,2.92,49,0
905,3.9,79,1
537,3.23,84,1
345,2.61,57,0
995,4.06,83,1
482,2.42,59,0
576,3.45,80,1
34,2.38,43,0
32,3.54,38,0
232,2.89,45,0
964,3.34,85,1
193,2.89,44,0
334,2.53,47,0
4,3.41,61,0
205,2.25,39,0
515,4.12,79,1
800,3.7,80,1
307,3.31,57,0
110,2.77,70,0
431,2.33,49,0
78,2.68,63,0
85,2.48,57,0
287,2.74,63,0
83,3.39,61,0
992,4.37,86,1
790,2.95,91,1
895,3.49,79,1
399,2.75,67,0
324,3.64,51,0
520,3.73,95,1
917,3.62,74,1
923,3.49,71,1
6,2.71,50,0
732,3.19,77,1
466,2.71,69,0
98,2.9,45,0
267,3.45,55,0
358,2.68,60,0
869,3.47,71,1
799,3.68,89,1
381,2.46,80,0
632,3.73,73,1
382,2.56,50,0
491,2.8,57,0
119,3.26,60,0
901,3.29,86,1
251,2.3,46,0
524,4.24,72,1
10,3.02,47,0
197,2.45,58,0
604,3.56,74,1
82,2.94,51,0
784,3.89,86,1
588,3.67,77,1
798,3.51,74,1
240,3.14,65,0
291,2.72,59,0
212,3.25,54,0
718,3.68,82,1
360,2.47,61,0
450,2.38,57,0
228,2.37,58,0
951,3.69,66,1
947,3.44,83,1
797,3.88,77,1
502,3.88,76,1
465,2.76,54,0
363,2.76,70,0
469,2.59,55,0
936,3.68,68,1
429,3.22,71,0
8,3.11,46,0
156,2.51,56,0
542,3.46,94,1
441,2.95,42,0
483,2.16,45,0
423,2.7,56,0
779,3.66,77,1
950,3.61,80,1
335,3.19,55,0
577,3.13,67,1
935,3.55,101,1
568,3.95,84,1
595,3.82,61,1
531,3.52,81,1
582,3.5,89,1
708,3.4,95,1
449,2.59,55,0
454,3.0,69,0
229,2.51,50,0
353,3.14,49,0
729,3.89,83,1
213,3.18,50,0
80,2.0,66,0
149,3.01,53,0
303,3.1,56,0
629,3.58,81,1
778,3.72,80,1
507,3.87,86,1
343,2.9,44,0
486,2.23,43,0
712,3.39,79,1
134,2.99,51,0
704,3.76,89,1
312,3.24,51,0
723,3.79,86,1
630,3.7,87,1
1,3.0,64,0
317,3.07,58,0
707,3.39,85,1
548,3.13,82,1
873,3.19,78,1
533,3.72,83,1
478,2.92,31,0
405,2.62,57,0
173,2.77,52,0
126,3.68,50,0
395,3.27,69,0
421,3.62,66,0
553,3.75,73,1
904,3.82,83,1
91,2.84,56,0
940,3.82,81,1
182,2.46,44,0
275,2.41,61,0
896,3.66,77,1
70,2.54,51,0
292,2.6,57,0
132,2.83,70,0
301,2.47,64,0
425,3.06,67,0
327,3.26,71,0
145,2.9,53,0
424,3.19,48,0
581,3.5,82,1
136,3.42,38,0
451,2.77,53,0
165,3.19,48,0
29,2.56,58,0
774,3.51,82,1
194,2.3,61,0
389,3.18,61,0
853,3.76,70,1
170,2.5,66,0
706,3.61,78,1
141,2.89,52,0
174,2.94,51,0
7,3.43,49,0
746,3.23,82,1
479,4.03,39,0
74,3.43,53,0
911,4.0,94,1
814,3.77,87,1
239,2.54,72,0
146,3.11,52,0
793,3.6,79,1
235,3.66,65,0
221,3.73,58,0
924,3.35,82,1
501,4.02,86,1
133,2.38,53,0
991,3.43,86,1
775,3.96,74,1
186,3.09,62,0
42,2.87,44,0
697,3.59,72,1
109,2.9,37,0
589,3.52,73,1
57,2.46,50,0
406,3.05,55,0
443,1.97,62,0
758,3.73,88,1
998,3.96,73,1
25,2.58,47,0
468,3.1,73,0
540,3.91,57,1
532,3.1,66,1
619,3.66,77,1
695,3.12,81,1
927,4.22,60,1
339,2.97,65,0
52,2.65,53,0
508,3.79,88,1
517,3.4,92,1
921,3.76,64,1
782,3.55,79,1
265,2.7,66,0
818,3.51,74,1
711,3.23,89,1
683,3.88,73,1
833,3.54,88,1
519,3.5,72,1
448,2.42,48,0
19,2.44,56,0
716,3.97,79,1
484,2.88,55,0
569,3.46,67,1
434,3.09,33,0
368,2.81,58,0
84,2.59,78,0
62,2.73,76,0
639,3.78,97,1
273,3.27,61,0
286,2.02,66,0
361,3.01,57,0
355,2.79,69,0
457,2.76,58,0
279,2.83,54,0
13,2.9,53,0
183,2.37,50,0
369,2.84,62,0
882,3.45,93,1
616,3.71,106,1
224,2.15,62,0
573,3.62,82,1
971,3.96,85,1
654,3.2,77,1
546,3.87,84,1
583,3.5,72,1
634,3.74,88,1
177,2.81,44,0
666,4.33,80,1
674,3.58,73,1
586,3.73,86,1
874,3.12,86,1
394,3.53,67,0
164,2.47,50,0
249,3.51,49,0
635,3.53,77,1
886,3.69,82,1
670,3.86,84,1
376,2.49,73,0
413,2.19,57,0
75,1.75,63,0
114,3.79,44,0
599,3.87,80,1
962,3.23,82,1
391,2.44,63,0
105,2.74,59,0
115,2.72,79,0
418,2.85,57,0
526,3.73,89,1
458,2.39,60,0
410,3.01,77,0
93,2.52,60,0
931,3.69,70,1
90,3.01,46,0
337,2.47,71,0
989,3.14,75,1
922,3.92,86,1
934,3.43,79,1
606,3.29,72,1
594,3.62,87,1
612,3.67,67,1
95,2.64,65,0
12,2.61,54,0
397,2.11,53,0
534,3.79,79,1
44,2.68,69,0
43,2.75,60,0
330,3.05,52,0
168,3.56,70,0
498,2.72,61,0
877,3.4,76,1
598,3.0,96,1
757,4.1,79,1
101,2.23,63,0
427,2.41,49,0
179,2.69,64,0
445,2.28,73,0
417,3.42,61,0
871,3.55,71,1
883,4.25,70,1
681,3.65,83,1
178,3.38,73,0
396,2.61,61,0
912,3.77,98,1
794,3.85,85,1
961,3.56,80,1
685,3.3,71,1
384,2.59,65,0
957,3.83,63,1
752,3.85,85,1
258,2.52,57,0
539,3.67,71,1
336,2.74,57,0
16,2.58,63,0
325,2.4,51,0
759,3.39,93,1
223,3.07,42,0
180,3.89,68,0
984,3.48,87,1
23,2.83,48,0
357,2.79,47,0
667,4.02,72,1
862,3.77,86,1
341,2.47,55,0
432,1.98,74,0
552,3.72,78,1
834,4.05,82,1
204,3.22,41,0
631,3.7,84,1
94,2.67,58,0
559,3.76,92,1
69,2.94,36,0
623,3.79,87,1
285,3.65,61,0
845,3.88,81,1
435,3.4,59,0
154,2.89,44,0
76,3.13,33,0
731,3.43,78,1
447,2.95,40,0
189,2.46,62,0
272,2.23,49,0
237,1.99,58,0
488,2.37,64,0
118,2.33,62,0
944,3.21,77,1
513,4.22,74,1
826,3.01,84,1
592,3.59,57,1
127,2.4,45,0
117,2.79,56,0
474,3.35,48,0
694,3.7,69,1
58,2.68,51,0
864,3.31,66,1
913,3.74,85,1
370,2.49,75,0
269,2.62,49,0
47,2.62,61,0
350,2.71,50,0
196,2.95,52,0
1000,3.78,74,1
835,3.64,75,1
737,4.1,72,1
264,2.39,54,0
444,2.76,54,0
676,3.52,77,1
305,2.79,51,0
342,2.9,62,0
967,4.1,78,1
150,2.92,62,0
125,3.03,71,0
787,3.05,78,1
51,2.93,56,0
354,2.74,67,0
928,3.27,78,1
143,2.16,52,0
471,2.69,56,0
400,3.3,47,0
626,3.26,89,1
321,2.84,50,0
20,2.24,63,0
810,3.74,87,1
791,3.72,65,1
809,3.93,67,1
408,2.74,62,0
538,3.16,76,1
621,3.93,81,1
39,2.27,65,0
176,3.13,47,0
246,2.67,48,0
829,3.24,79,1
668,3.77,76,1
755,3.97,84,1
859,3.16,82,1
155,2.92,81,0
288,3.04,60,0
603,4.23,75,1
570,3.7,76,1
744,3.3,89,1
18,2.93,45,0
128,2.57,54,0
323,2.47,78,0
256,2.61,81,0
658,4.28,91,1
965,3.43,84,1
191,2.62,51,0
116,2.92,56,0
617,4.32,82,1
607,3.78,81,1
181,3.05,62,0
302,2.58,50,0
760,3.58,91,1
713,3.38,63,1
724,3.72,85,1
686,3.88,90,1
980,3.47,83,1
518,3.45,85,1
985,3.67,88,1
46,2.51,47,0
910,3.52,81,1
158,2.99,55,0
852,3.06,94,1
172,2.47,34,0
17,2.39,60,0
512,3.66,78,1
49,2.94,59,0
972,3.42,56,1
941,3.8,82,1
516,3.66,79,1
953,3.67,73,1
481,2.75,63,0
284,2.3,61,0
719,3.35,86,1
878,3.91,78,1
226,3.24,53,0
27,2.34,39,0
955,3.77,75,1
438,2.25,62,0
952,4.11,90,1
365,3.08,49,0
230,3.07,47,0
38,2.02,51,0
966,3.78,81,1
375,3.66,55,0
470,2.57,41,0
968,3.72,79,1
851,3.25,75,1
705,3.61,83,1
842,3.6,65,1
195,2.87,61,0
855,3.43,88,1
865,3.96,90,1
504,3.41,80,1
970,3.73,89,1
831,4.06,86,1
580,3.86,74,1
969,3.24,78,1
163,3.26,55,0
909,3.5,70,1
153,2.53,52,0
802,3.9,80,1
994,3.66,86,1
756,3.24,91,1
112,2.79,54,0
227,2.83,55,0
689,3.77,82,1
104,2.48,69,0
422,3.5,45,0
420,2.83,57,0
751,3.7,58,1
587,3.91,81,1
781,3.64,69,1
673,3.63,77,1
120,3.1,57,0
54,3.04,58,0
152,2.94,66,0
404,2.82,68,0
946,3.4,77,1
208,3.01,73,0
659,3.89,72,1
844,3.96,81,1
763,3.76,81,1
9,2.61,55,0
808,3.6,84,1
37,2.88,46,0
453,2.41,42,0
652,2.95,83,1
254,3.21,66,0
304,3.04,50,0
747,3.61,88,1
572,3.74,70,1
624,3.26,75,1
733,3.57,80,1
892,3.4,80,1
263,1.5,81,0
611,3.54,78,1
298,2.92,62,0
415,2.93,54,0
151,2.9,73,0
789,3.27,83,1
641,3.51,80,1
890,3.37,80,1
551,3.41,79,1
887,3.99,74,1
489,3.47,53,0
148,2.27,54,0
147,2.31,28,0
721,3.24,84,1
932,3.84,84,1
740,4.09,94,1
660,3.5,89,1
349,2.51,49,0
464,2.89,62,0
326,2.31,70,0
187,2.99,53,0
124,2.24,68,0
854,3.83,87,1
609,3.41,83,1
144,2.87,40,0
959,3.99,88,1
198,2.86,42,0
610,4.17,78,1
280,2.65,61,0
294,3.14,42,0
401,2.16,59,0
123,3.36,74,0
184,2.99,60,0
203,3.23,48,0
439,2.12,57,0
247,2.61,57,0
416,2.5,58,0
933,3.86,76,1
766,3.18,73,1
907,3.17,67,1
836,3.5,83,1
888,4.07,83,1
130,2.6,66,0
638,3.23,83,1
403,2.8,55,0
785,3.36,81,1
771,3.93,80,1
736,4.09,67,1
914,4.25,84,1
220,2.83,54,0
642,4.01,91,1
916,3.88,76,1
753,3.0,75,1
807,3.61,82,1
920,3.75,76,1
625,4.09,95,1
875,4.04,90,1
761,3.77,93,1
387,2.94,61,0
973,3.56,85,1
510,3.44,92,1
268,2.23,73,0
820,3.54,72,1
442,2.79,64,0
497,2.39,73,0
113,2.82,58,0
692,3.2,76,1
233,2.82,59,0
870,3.33,77,1
608,3.28,93,1
672,3.68,77,1
374,3.18,48,0
982,3.49,69,1
843,3.73,76,1
234,2.54,38,0
786,3.2,68,1
677,3.09,90,1
318,2.68,64,0
649,4.08,89,1
411,3.08,52,0
899,3.96,84,1
710,4.12,72,1
359,2.93,49,0
259,2.98,46,0
745,3.41,73,1
628,3.37,90,1
633,4.08,75,1
283,3.43,59,0
377,3.15,50,0
385,2.5,62,0
225,2.61,57,0
954,4.38,75,1
815,3.6,78,1
473,2.19,63,0
348,2.24,80,0
506,3.72,76,1
640,3.81,71,1
988,3.07,84,1
929,3.53,89,1
906,3.37,84,1
620,3.92,89,1
856,2.82,75,1
804,3.37,68,1
646,3.6,83,1
847,2.83,90,1
557,3.59,87,1
958,3.71,105,1
578,3.47,89,1
796,3.57,74,1
86,2.6,57,0
243,3.0,49,0
699,3.67,84,1
160,3.06,54,0
525,4.12,77,1
36,2.31,55,0
541,4.11,80,1
171,2.44,67,0
655,4.09,83,1
891,3.74,84,1
858,3.72,78,1
848,3.88,73,1
945,3.72,85,1
734,4.37,78,1
96,2.21,50,0
564,3.08,87,1
241,2.48,37,0
743,3.43,81,1
575,3.9,84,1
691,3.63,85,1
461,3.59,61,0
554,3.68,73,1
889,3.61,76,1
207,3.01,42,0
393,2.27,66,0
795,3.62,82,1
398,3.34,56,0
767,3.57,97,1
849,3.19,88,1
218,2.71,57,0
5,2.71,48,0
769,3.38,81,1
643,3.55,79,1
930,3.52,96,1
613,3.86,87,1
739,3.77,88,1
547,3.8,72,1
726,3.56,89,1
684,3.13,83,1
99,2.8,51,0
805,3.76,66,1
728,3.56,86,1
574,3.22,69,1
407,2.37,41,0
503,3.62,73,1
48,3.22,53,0
33,2.79,54,0
780,3.51,74,1
840,3.65,78,1
201,2.94,50,0
135,2.43,45,0
28,2.95,55,0
881,3.8,88,1
231,2.51,57,0
490,3.15,55,0
773,3.27,75,1
379,3.68,55,0
289,2.91,54,0
419,3.27,51,0
675,3.37,93,1
392,3.0,60,0
593,3.82,83,1
499,2.45,49,0
139,3.13,42,0
63,2.36,64,0
472,1.88,48,0
648,3.17,88,1
129,2.84,56,0
977,3.56,89,1
521,3.76,90,1
839,3.48,80,1
963,3.54,84,1
65,3.13,67,0
813,4.02,93,1
15,2.11,49,0
157,3.55,55,0
41,3.1,63,0
493,2.83,53,0
380,2.48,67,0
188,2.77,51,0
764,3.32,67,1
217,2.49,56,0
792,4.35,81,1
53,2.53,67,0
879,3.42,67,1
338,2.67,45,0
749,3.67,82,1
720,4.24,77,1
725,3.54,73,1
296,2.52,66,0
702,3.47,84,1
252,3.17,41,0
727,3.61,76,1
462,2.81,68,0
456,2.48,66,0
997,4.22,80,1
816,3.21,73,1
863,3.64,86,1
270,2.85,73,0
202,3.02,65,0
162,3.11,50,0
556,3.4,83,1
730,4.26,95,1
402,2.56,51,0
703,3.64,85,1
477,3.03,50,0
822,3.76,81,1
772,3.78,94,1
106,2.96,74,0
566,3.26,78,1
390,2.57,66,0
2,2.74,74,0
938,4.08,84,1
983,4.12,75,1
562,2.75,74,1
81,2.71,58,0
206,2.42,61,0
35,3.13,48,0
776,3.64,69,1
509,3.91,81,1
428,3.07,59,0
455,2.59,54,0
367,2.89,58,0
92,3.19,50,0
340,2.57,53,0
898,3.31,93,1
565,3.49,86,1
346,2.89,60,0
777,4.3,75,1
242,2.75,42,0
14,2.03,46,0
316,2.81,40,0
601,3.9,79,1
388,3.55,51,0
274,2.8,65,0
167,3.13,52,0
841,3.65,79,1
993,3.43,90,1
647,3.27,79,1
819,3.42,78,1
485,2.5,55,0
981,3.82,72,1
505,3.81,79,1
832,3.97,82,1
244,3.15,55,0
567,3.21,81,1
876,3.54,91,1
563,3.94,61,1
687,3.31,76,1
190,2.19,59,0
783,3.81,68,1
700,4.01,81,1
476,2.7,36,0
682,4.02,80,1
511,4.0,71,1
59,2.93,59,0
475,3.46,51,0
561,3.83,80,1
857,3.44,91,1
748,3.37,84,1
253,3.65,45,0
22,2.71,60,0
314,3.13,57,0
460,2.32,59,0
161,2.41,49,0
277,2.88,48,0
956,3.07,91,1
192,3.14,67,0
386,2.86,73,0
806,3.33,67,1
414,3.31,71,0
492,3.39,35,0
344,2.6,59,0
770,3.97,84,1
309,3.02,68,0
662,4.29,79,1
131,2.18,38,0
664,3.11,75,1
872,4.11,78,1
100,2.71,59,0
373,3.38,41,0
88,2.93,47,0
459,2.58,61,0
331,2.8,42,0
215,2.67,55,0
467,3.05,48,0
122,2.44,60,0
615,3.65,79,1
21,3.39,38,0
701,3.64,83,1
72,3.42,72,0
107,3.55,47,0
271,3.38,62,0
861,3.6,79,1
436,2.83,50,0
103,2.66,64,0
